email, senha
0.7360129975613697@mail.comuser123            
0.08999832522438585@mail.comuser123           
0.5382187383963661@mail.comuser123            
0.7514023140511932@mail.comuser123            
0.794768579769476@mail.comuser123             
0.3861213394737264@mail.comuser123            
0.5337610412744038@mail.comuser123  
0.7968835094521622@mail.comuser123      
0.5321944320977499@mail.comuser123  